CODIGO DE FAMILIA,CODIGO DE SEGMENTO,DESCRIPCION DE FAMILIA
1010,10,1010-ANIMALES VIVOS
1011,10,1011-PRODUCTOS PARA ANIMALES DOMÉSTICOS
1012,10,1012-COMIDA DE ANIMALES
1013,10,1013-RECIPIENTES Y HÁBITAT PARA ANIMALES
1014,10,1014-PRODUCTOS DE TALABARTERÍA Y ARREO
1015,10,"1015-SEMILLAS, BULBOS, PLÁNTULAS Y ESQUEJES"
1016,10,1016-PRODUCTOS DE FLORICULTURA Y SILVICULTURA
1017,10,1017-FERTILIZANTES Y NUTRIENTES PARA PLANTAS Y HERBICIDAS
1019,10,1019-PRODUCTOS PARA EL CONTROL DE PLAGAS 
1020,10,1020-ROSALES VIVOS
1021,10,1021-PLANTAS VIVAS  DE ESPECIES O VARIEDADES DE FLORES ALTAS
1022,10,1022-PLANTAS VIVAS  DE ESPECIES O VARIEDADES DE FLORES BAJAS
1023,10,1023-CRISANTEMOS VIVOS
1024,10,1024-CLAVELES VIVOS
1025,10,1025-ORQUÍDEAS VIVAS
1030,10,1030-ROSAS FRESCAS CORTADAS
1031,10,1031-BOUQUETS CORTADOS FRESCOS  DE ESPECIES O VARIEDADES DE FLORES ALTAS
1032,10,1032-BOUQUETS CORTADOS FRESCOS  DE ESPECIES O VARIEDADES DE FLORES BAJAS
1033,10,1033-CRISANTEMOS CORTADOS FRESCOS
1034,10,1034-BOUQUETS FLORALES CORTADOS FRESCOS
1035,10,1035-CLAVELES CORTADOS FRESCOS
1036,10,1036-ORQUÍDEAS CORTADAS FRESCAS
1040,10,1040-ROSAS CORTADAS SECAS
1041,10,1041-BOUQUETS CORTADOS SECOS  DE ESPECIES O VARIEDADES DE FLORES ALTAS
1042,10,1042-BOUQUETS CORTADOS SECOS  DE ESPECIES O VARIEDADES DE FLORES BAJAS
1043,10,1043-CRISANTEMOS CORTADOS SECOS
1044,10,1044-CLAVELES CORTADOS SECOS
1045,10,1045-ORQUÍDEAS CORTADAS SECAS
1050,10,1050-FOLLAJE CORTADO FRESCO
1110,11,"1110-MINERALES, MINERALES METÁLICOS Y METALES"
1111,11,1111-TIERRA Y PIEDRA
1112,11,1112-PRODUCTOS NO COMESTIBLES DE PLANTA Y SILVICULTURA
1113,11,1113-PRODUCTOS ANIMALES NO COMESTIBLES
1114,11,1114-CHATARRA Y MATERIALES DE DESECHO
1115,11,"1115-FIBRA, HILOS E HILADOS"
1116,11,1116-TEJIDOS Y MATERIALES DE CUERO
1117,11,1117-ALEACIONES
1118,11,1118-ÓXIDO METÁLICO
1119,11,1119-DESECHOS METÁLICOS Y CHATARRA
1213,12,1213-MATERIALES EXPLOSIVOS
1214,12,1214-ELEMENTOS Y GASES
1216,12,1216-ADITIVOS
1217,12,1217-COLORANTES
1218,12,1218-CERAS Y ACEITES
1219,12,1219-SOLVENTES
1235,12,1235-COMPUESTOS Y MEZCLAS
1310,13,1310-CAUCHO Y ELASTÓMEROS
1311,13,1311-RESINAS Y COLOFONIAS Y OTROS MATERIALES DERIVADOS DE RESINA
1410,14,1410-MATERIALES DE PAPEL
1411,14,1411-PRODUCTOS DE PAPEL
1412,14,1412-PAPEL PARA USO INDUSTRIAL
1510,15,1510-COMBUSTIBLES
1511,15,1511-COMBUSTIBLES GASEOSOS Y ADITIVOS
1512,15,"1512-LUBRICANTES, ACEITES, GRASAS Y ANTICORROSIVOS"
1513,15,1513-COMBUSTIBLE PARA REACTORES NUCLEARES
2010,20,2010-MAQUINARIA Y EQUIPO DE MINERÍA Y EXPLOTACIÓN DE CANTERAS
2011,20,2011-EQUIPO DE PERFORACIÓN Y EXPLOTACIÓN DE POZOS
2012,20,2012-EQUIPO PARA PERFORACIÓN Y EXPLORACIÓN DE PETRÓLEO Y GAS
2013,20,2013-MATERIALES PARA  PERFORACIÓN Y OPERACIONES DE PETRÓLEO Y GAS
2014,20,2014-EQUIPO DE PRODUCCIÓN Y OPERACIÓN DE PETRÓLEO Y GAS
2110,21,"2110-MAQUINARIA Y EQUIPO PARA AGRICULTURA, SILVICULTURA Y PAISAJISMO"
2111,21,2111-EQUIPO DE PESCA Y ACUICULTURA
2210,22,2210-MAQUINARIA Y EQUIPO PESADO DE CONSTRUCCIÓN
2310,23,2310-MAQUINARIA PARA EL PROCESAMIENTO DE MATERIAS PRIMAS
2311,23,2311-MAQUINARIA PARA EL PROCESAMIENTO DE PETRÓLEO
2312,23,2312-MAQUINARIA Y ACCESORIOS DE TEXTILES Y TEJIDOS
2313,23,2313-MAQUINARIA Y EQUIPOS LAPIDARIOS
2314,23,2314-MAQUINARIA DE REPARACIÓN Y ACCESORIOS PARA MARROQUINERÍA
2315,23,"2315-MAQUINARIA, EQUIPO Y SUMINISTROS DE PROCESOS INDUSTRIALES"
2316,23,"2316-MÁQUINAS, EQUIPO Y SUMINISTROS PARA FUNDICIÓN"
2318,23,2318-EQUIPO INDUSTRIAL PARA ALIMENTOS Y BEBIDAS
2319,23,2319-MEZCLADORES Y SUS PARTES Y ACCESORIOS
2320,23,2320-EQUIPAMIENTO PARA TRANSFERENCIA DE MASA
2321,23,"2321-MAQUINARIA DE FABRICACIÓN ELECTRÓNICA, EQUIPO Y ACCESORIOS"
2322,23,2322-EQUIPO Y MAQUINARIA DE PROCESAMIENTO DE POLLOS
2323,23,2323-EQUIPO Y MAQUINARIA DE PROCESAMIENTO DE MADERA Y ASERRADO
2324,23,2324-MAQUINARIA Y ACCESORIOS PARA CORTAR METALES
2325,23,2325-MAQUINARIA Y ACCESORIOS PARA EL FORMADO DE METALES
2326,23,2326-MAQUINARIA Y ACCESORIOS PARA HACER PROTOTIPOS RÁPIDOS
2327,23,2327-MAQUINARIA Y ACCESORIOS Y SUMINISTROS PARA SOLDADURA DE TODAS LAS CLASES
2328,23,2328-MAQUINARIA PARA EL TRATAMIENTO DE METAL
2329,23,2329-HERRAMIENTAS DE MAQUINADO INDUSTRIAL
2330,23,2330-MAQUINARIA Y EQUIPO PARA CABLE
2410,24,2410-MAQUINARIA Y EQUIPO PARA MANEJO DE MATERIALES
2411,24,2411-RECIPIENTES Y ALMACENAMIENTO
2412,24,2412-MATERIALES DE EMPAQUE
2413,24,2413-REFRIGERACIÓN INDUSTRIAL
2414,24,2414-SUMINISTROS DE EMBALAJE
2510,25,2510-VEHÍCULOS DE MOTOR
2511,25,2511-TRANSPORTE MARÍTIMO
2512,25,2512-MAQUINARIA Y EQUIPO PARA FERROCARRIL Y TRANVÍAS
2513,25,2513-AERONAVES
2515,25,2515-NAVES ESPACIALES
2516,25,2516-BICICLETAS NO MOTORIZADAS
2517,25,2517-COMPONENTES Y SISTEMAS DE TRANSPORTE
2518,25,2518-CARROCERÍAS Y REMOLQUES
2519,25,2519-EQUIPO PARA SERVICIOS DE TRANSPORTE
2520,25,2520-SISTEMAS  Y COMPONENTES Y EQUIPOS AEROESPACIALES
2610,26,2610-FUENTES DE ENERGÍA
2611,26,2611-BATERÍAS Y GENERADORES Y TRANSMISIÓN DE ENERGÍA CINÉTICA
2612,26,"2612-ALAMBRES, CABLES Y ARNESES"
2613,26,2613-GENERACIÓN DE ENERGÍA
2614,26,2614-MAQUINARIA Y EQUIPO PARA ENERGÍA ATÓMICA O NUCLEAR
2711,27,2711-HERRAMIENTAS DE MANO
2712,27,2712-MAQUINARIA Y EQUIPO HIDRÁULICO
2713,27,2713-MAQUINARIA Y EQUIPO NEUMÁTICO
2714,27,2714-HERRAMIENTAS ESPECIALIZADAS AUTOMOTRICES
3010,30,3010-COMPONENTES ESTRUCTURALES Y FORMAS BÁSICAS
3011,30,"3011-HORMIGÓN, CEMENTO Y YESO"
3012,30,3012-CARRETERAS Y PAISAJE
3013,30,3013-PRODUCTOS DE CONSTRUCCIÓN ESTRUCTURALES
3014,30,3014-AISLAMIENTO
3015,30,3015-MATERIALES PARA ACABADO DE EXTERIORES
3016,30,3016-MATERIALES DE ACABADO DE INTERIORES
3017,30,3017-PUERTAS Y VENTANAS Y VIDRIO
3018,30,3018-INSTALACIONES DE PLOMERÍA
3019,30,3019-EQUIPO DE APOYO PARA CONSTRUCCIÓN Y MANTENIMIENTO
3024,30,3024-COMPONENTES DE CONSTRUCCIÓN DE ESTRUCTURA PORTÁTIL
3025,30,3025-ESTRUCTURAS Y MATERIALES DE MINERÍA SUBTERRÁNEA
3026,30,3026-MATERIALES ESTRUCTURALES
3110,31,3110-PIEZAS DE FUNDICIÓN Y ENSAMBLES DE PIEZAS DE FUNDICIÓN
3111,31,3111-EXTRUSIONES
3112,31,3112-PIEZAS FUNDIDAS MAQUINADAS
3113,31,3113-FORJADURAS
3114,31,3114-MOLDURAS
3115,31,"3115-CUERDA, CADENA, CABLE, ALAMBRE Y CORREA"
3116,31,3116-FERRETERÍA
3117,31,"3117-RODAMIENTOS, COJINETES RUEDAS Y ENGRANAJES"
3118,31,"3118-EMPAQUES, GLÁNDULAS, FUNDAS Y CUBIERTAS"
3119,31,3119-MATERIALES DE AFILADO PULIDO Y ALISADO
3120,31,3120-ADHESIVOS Y SELLADORES
3121,31,3121-PINTURAS Y BASES Y ACABADOS
3122,31,3122-EXTRACTOS DE TEÑIR Y DE CURTIR
3123,31,3123-MATERIA PRIMA EN PLACAS O BARRAS LABRADAS
3124,31,3124-ÓPTICA INDUSTRIAL
3125,31,"3125-SISTEMAS DE CONTROL NEUMÁTICO, HIDRÁULICO O ELÉCTRICO"
3126,31,"3126-CUBIERTAS, CAJAS Y ENVOLTURAS"
3127,31,3127-PIEZAS HECHAS A MÁQUINA
3128,31,3128-COMPONENTES DE PLACA Y ESTAMPADOS
3129,31,3129-EXTRUSIONES MAQUINADAS
3130,31,3130-FORJAS LABRADAS
3131,31,3131-ENSAMBLES DE TUBERÍA FABRICADA
3132,31,3132-ENSAMBLES FABRICADOS DE MATERIAL EN BARRAS
3133,31,3133-ENSAMBLES ESTRUCTURALES FABRICADOS
3134,31,3134-ENSAMBLES DE LÁMINA FABRICADO
3135,31,3135-ENSAMBLES DE TUBERÍA FABRICADA
3136,31,3136-ENSAMBLES DE PLACA FABRICADOS
3137,31,3137-REFRACTARIOS
3138,31,3138-IMANES Y MATERIALES MAGNÉTICOS
3139,31,3139-MAQUINADOS
3140,31,3140-EMPAQUES
3141,31,3141-SELLOS
3142,31,3142-PARTES SINTERIZADAS
3210,32,"3210-CIRCUITOS IMPRESOS, CIRCUITOS INTEGRADOS Y MICRO ENSAMBLAJES"
3211,32,3211-DISPOSITIVO SEMICONDUCTOR DISCRETO
3212,32,3212-COMPONENTES PASIVOS DISCRETOS
3213,32,3213-PIEZAS DE COMPONENTES Y HARDWARE ELECTRÓNICOS Y ACCESORIOS
3214,32,3214-DISPOSITIVOS DE TUBO ELECTRÓNICO Y ACCESORIOS
3215,32,3215-DISPOSITIVOS Y COMPONENTES Y ACCESORIOS DE CONTROL DE AUTOMATIZACIÓN
3910,39,3910-LÁMPARAS Y BOMBILLAS Y COMPONENTES PARA LÁMPARAS
3911,39,"3911-ILUMINACIÓN, ARTEFACTOS Y ACCESORIOS"
3912,39,"3912-EQUIPOS, SUMINISTROS Y COMPONENTES ELÉCTRICOS"
3913,39,3913-DISPOSITIVOS Y ACCESORIOS Y SUMINISTROS DE MANEJO DE CABLE ELÉCTRICO
4010,40,"4010-CALEFACCIÓN, VENTILACIÓN Y CIRCULACIÓN DEL AIRE"
4014,40,4014-DISTRIBUCIÓN DE FLUIDOS Y GAS
4015,40,4015-BOMBAS Y COMPRESORES INDUSTRIALES
4016,40,4016-FILTRADO Y PURIFICACIÓN INDUSTRIAL
4017,40,4017-INSTALACIONES DE TUBOS Y ENTUBAMIENTOS
4018,40,4018-INSTALACIONES DE TUBOS Y TUBERÍAS
4110,41,4110-EQUIPO DE LABORATORIO Y CIENTÍFICO
4111,41,"4111-INSTRUMENTOS DE MEDIDA, OBSERVACIÓN Y ENSAYO"
4112,41,4112-SUMINISTROS Y ACCESORIOS DE LABORATORIO
4212,42,4212-EQUIPOS Y SUMINISTROS VETERINARIOS
4213,42,4213-TELAS Y VESTIDOS MÉDICOS
4214,42,"4214-SUMINISTROS, PRODUCTOS DE TRATAMIENTO Y CUIDADO DEL ENFERMO"
4215,42,4215-EQUIPOS Y SUMINISTROS DENTALES
4216,42,4216-EQUIPO DE DIÁLISIS Y SUMINISTROS
4217,42,4217-PRODUCTOS PARA LOS SERVICIOS MÉDICOS DE URGENCIAS Y CAMPO
4218,42,4218-PRODUCTOS DE EXAMEN Y CONTROL DEL PACIENTE
4219,42,4219-PRODUCTOS DE CENTRO MÉDICO
4220,42,4220-PRODUCTOS DE HACER IMÁGENES DIAGNÓSTICAS MÉDICAS Y DE MEDICINA NUCLEAR
4221,42,4221-AYUDA PARA PERSONAS CON DESAFÍOS FÍSICOS PARA VIVIR INDEPENDIENTE
4222,42,4222-PRODUCTOS PARA ADMINISTRACIÓN INTRAVENOSA Y ARTERIAL
4223,42,4223-NUTRICIÓN CLÍNICA
4224,42,4224-PRODUCTOS MEDICINALES DE DEPORTES Y ORTOPÉDICOS Y PRÓTESIS
4225,42,4225-PRODUCTOS DE REHABILITACIÓN Y TERAPIA OCUPACIONAL Y FÍSICA
4226,42,4226-EQUIPO Y SUMINISTROS POST MORTEM Y FUNERARIOS
4227,42,"4227-PRODUCTOS DE RESUCITACIÓN, ANESTESIA Y RESPIRATORIO"
4228,42,4228-PRODUCTOS PARA LA ESTERILIZACIÓN MÉDICA
4229,42,4229-PRODUCTOS QUIRÚRGICOS
4230,42,4230-SUMINISTROS PARA FORMACIÓN Y ESTUDIOS DE MEDICINA
4231,42,4231-PRODUCTOS PARA EL CUIDADO DE HERIDAS
4232,42,4232-IMPLANTES ORTOPÉDICOS QUIRÚRGICOS
4319,43,4319-DISPOSITIVOS DE COMUNICACIONES Y ACCESORIOS
4320,43,"4320-COMPONENTES PARA TECNOLOGÍA DE LA INFORMACIÓN, DIFUSIÓN O TELECOMUNICACIONES"
4321,43,4321-EQUIPO INFORMÁTICO Y ACCESORIOS
4322,43,4322-EQUIPOS O PLATAFORMAS Y ACCESORIOS DE REDES MULTIMEDIA O DE VOZ Y DATOS
4323,43,4323-SOFTWARE
4410,44,"4410-MAQUINARIA, SUMINISTROS Y ACCESORIOS DE OFICINA"
4411,44,4411-ACCESORIOS DE OFICINA Y ESCRITORIO
4412,44,4412-SUMINISTROS DE OFICINA
4510,45,4510-EQUIPO DE IMPRENTA Y PUBLICACIÓN
4511,45,4511-EQUIPOS DE AUDIO Y VIDEO PARA PRESENTACIÓN Y COMPOSICIÓN
4512,45,"4512-EQUIPO DE VÍDEO, FILMACIÓN O FOTOGRAFÍA"
4513,45,4513-MEDIOS FOTOGRÁFICOS Y DE GRABACIÓN
4514,45,4514-SUMINISTROS FOTOGRÁFICOS PARA CINE
4610,46,4610-ARMAS LIGERAS Y MUNICIÓN
4611,46,4611-ARMAS DE GUERRA CONVENCIONALES
4612,46,4612-MISILES
4613,46,4613-COHETES Y SUBSISTEMAS
4614,46,4614-LANZADORES
4615,46,4615-PROTECCIÓN DEL ORDEN PÚBLICO
4616,46,4616-SEGURIDAD Y CONTROL PÚBLICO
4617,46,"4617-SEGURIDAD, VIGILANCIA Y DETECCIÓN"
4618,46,4618-SEGURIDAD Y PROTECCIÓN PERSONAL
4619,46,4619-PROTECCIÓN CONTRA INCENDIOS
4620,46,"4620-EQUIPO DE ENTRENAMIENTO DE SEGURIDAD FÍSICA E INDUSTRIAL, DEFENSA Y ORDEN PÚBLICO"
4710,47,"4710-TRATAMIENTO, SUMINISTROS Y ELIMINACIÓN DE AGUA Y AGUAS RESIDUALES"
4711,47,4711-EQUIPO INDUSTRIAL DE LAVANDERÍA Y LAVADO EN SECO
4712,47,4712-EQUIPO DE ASEO
4713,47,4713-SUMINISTROS DE ASEO Y LIMPIEZA
4810,48,4810-EQUIPOS DE SERVICIOS DE ALIMENTACIÓN PARA INSTITUCIONES
4811,48,4811-MÁQUINAS EXPENDEDORAS
4812,48,4812-EQUIPO DE JUEGO O DE APOSTAR
4813,48,4813-EQUIPO Y MATERIALES FUNERARIOS
4910,49,4910-COLECCIONABLES Y CONDECORACIONES
4912,49,4912-EQUIPOS Y ACCESORIOS PARA ACAMPADA Y EXTERIORES
4913,49,4913-EQUIPOS DE PESCA Y CAZA
4914,49,4914-EQUIPOS PARA DEPORTES ACUÁTICOS
4915,49,4915-EQUIPOS PARA DEPORTES DE INVIERNO
4916,49,4916-EQUIPOS DEPORTIVOS PARA CAMPOS Y CANCHAS
4917,49,4917-EQUIPOS DE GIMNASIA Y BOXEO
4918,49,"4918-JUEGOS, EQUIPO DE TIRO Y MESA"
4920,49,4920-EQUIPO PARA ENTRENAMIENTO FÍSICO
4921,49,4921-OTROS DEPORTES
4922,49,4922-EQUIPO  Y ACCESORIOS PARA DEPORTES
4924,49,"4924-EQUIPO DE RECREO, PARQUES INFANTILES Y EQUIPO Y SUMINISTROS DE NATACIÓN Y DE SPA"
5010,50,5010-FRUTOS SECOS
5011,50,5011-PRODUCTOS DE CARNE Y AVES DE CORRAL
5012,50,5012-PESCADOS Y MARISCOS
5013,50,5013-PRODUCTOS LÁCTEOS Y HUEVOS
5015,50,5015-ACEITES Y GRASAS COMESTIBLES
5016,50,"5016-CHOCOLATES, AZÚCARES, EDULCORANTES Y PRODUCTOS DE CONFITERÍA"
5017,50,5017-CONDIMENTOS Y CONSERVANTES
5018,50,5018-PRODUCTOS DE PANADERÍA
5019,50,5019-ALIMENTOS PREPARADOS Y CONSERVADOS
5020,50,5020-BEBIDAS
5021,50,5021-TABACO Y PRODUCTOS DE FUMAR Y SUBSTITUTOS
5022,50,5022-PRODUCTOS DE CEREALES Y LEGUMBRES
5030,50,5030-FRUTA FRESCA
5031,50,5031-FRUTA ORGÁNICA FRESCA
5032,50,5032-FRUTA SECA
5033,50,5033-FRUTA ORGÁNICA SECA
5034,50,5034-FRUTA CONGELADA
5035,50,5035-FRUTA ORGÁNICA CONGELADA
5036,50,5036-FRUTA EN LATA O EN FRASCO
5037,50,5037-FRUTA ORGÁNICA EN LATA O EN FRASCO
5038,50,5038-PURE DE FRUTAS
5040,50,5040-VEGETALES FRESCOS
5041,50,5041-VEGETALES ORGÁNICOS FRESCOS
5042,50,5042-VEGETALES SECOS
5043,50,5043-VEGETALES ORGÁNICOS SECOS
5044,50,5044-VEGETALES CONGELADOS
5045,50,5045-VEGETALES ORGÁNICOS CONGELADOS
5046,50,5046-VEGETALES EN LATA O EN FRASCO
5047,50,5047-VEGETALES ORGÁNICOS EN LATA O EN FRASCO
5110,51,5110-MEDICAMENTOS ANTIINFECCIOSOS
5111,51,5111-AGENTES ANTITUMORALES
5112,51,5112-MEDICAMENTOS CARDIOVASCULARES
5113,51,5113-MEDICAMENTOS HEMATÓLOGOS
5114,51,5114-MEDICAMENTOS PARA EL SISTEMA NERVIOSO CENTRAL
5115,51,5115-MEDICAMENTOS PARA EL SISTEMA NERVIOSO AUTÓNOMO
5116,51,5116-MEDICAMENTOS QUE AFECTAN AL SISTEMA RESPIRATORIO
5117,51,5117-MEDICAMENTOS QUE AFECTAN AL SISTEMA GASTROINTESTINAL
5118,51,5118-HORMONAS Y ANTAGONISTAS HORMONALES
5119,51,5119-AGENTES QUE AFECTAN EL AGUA Y LOS ELECTROLITOS
5120,51,5120-MEDICAMENTOS INMUNOMODULADORES
5121,51,5121-CATEGORÍAS DE MEDICAMENTOS VARIOS
5124,51,"5124-FÁRMACOS QUE AFECTAN A LOS OÍDOS, LOS OJOS, LA NARIZ Y LA PIEL"
5125,51,5125-SUPLEMENTOS ALIMENTICIOS VETERINARIOS
5210,52,5210-REVESTIMIENTOS DE SUELOS
5212,52,"5212-ROPA DE CAMA, MANTELERÍAS, PAÑOS DE COCINA Y TOALLAS"
5213,52,5213-TRATAMIENTOS DE VENTANAS
5214,52,5214-APARATOS ELECTRODOMÉSTICOS
5215,52,5215-UTENSILIOS DE COCINA DOMÉSTICOS
5216,52,5216-ELECTRÓNICA DE CONSUMO
5217,52,5217-TRATAMIENTOS DE PARED DOMÉSTICA
5310,53,5310-ROPA
5311,53,5311-CALZADO
5312,53,"5312-MALETAS, BOLSOS DE MANO, MOCHILAS Y ESTUCHES"
5313,53,5313-ARTÍCULOS DE TOCADOR Y CUIDADO PERSONAL
5314,53,5314-FUENTES Y ACCESORIOS DE COSTURA
5410,54,5410-JOYERÍA
5411,54,5411-RELOJES
5412,54,5412-GEMAS
5510,55,5510-MEDIOS IMPRESOS
5511,55,5511-MATERIAL ELECTRÓNICO DE REFERENCIA
5512,55,5512-ETIQUETADO Y ACCESORIOS
5610,56,5610-MUEBLES DE ALOJAMIENTO
5611,56,5611-MUEBLES COMERCIALES E INDUSTRIALES
5612,56,"5612-MOBILIARIO INSTITUCIONAL, ESCOLAR Y EDUCATIVO Y ACCESORIOS"
5613,56,5613-MUEBLES Y ACCESORIOS PARA MERCHANDISING
5614,56,5614-ADORNOS PARA EL HOGAR
6010,60,6010-MATERIALES DIDÁCTICOS PROFESIONALES Y DE DESARROLLO Y ACCESORIOS Y SUMINISTROS
6011,60,6011-DECORACIONES Y SUMINISTROS DEL AULA
6012,60,"6012-EQUIPO, ACCESORIOS Y SUMINISTROS DE ARTE Y MANUALIDADES"
6013,60,"6013-INSTRUMENTOS MUSICALES, PIEZAS Y ACCESORIOS"
6014,60,6014-JUGUETES Y JUEGOS
7010,70,7010-PESQUERÍAS Y ACUICULTURA
7011,70,7011-HORTICULTURA
7012,70,7012-SERVICIOS DE ANIMALES VIVOS
7013,70,"7013-PREPARACIÓN, GESTIÓN Y PROTECCIÓN DEL TERRENO Y DEL SUELO"
7014,70,"7014-PRODUCCIÓN, GESTIÓN Y PROTECCIÓN DE CULTIVOS"
7015,70,7015-SILVICULTURA
7016,70,7016-FAUNA Y FLORA SILVESTRES
7017,70,7017-DESARROLLO Y VIGILANCIA DE RECURSOS HIDRÁULICOS
7110,71,7110-SERVICIOS DE MINERÍA
7111,71,7111-SERVICIOS DE PERFORACIÓN Y PROSPECCIÓN PETROLÍFERA Y DE GAS
7112,71,7112-SERVICIOS DE CONSTRUCCIÓN Y PERFORACIÓN DE POZOS
7113,71,7113-SERVICIOS DE AUMENTO DE LA EXTRACCIÓN Y PRODUCCIÓN DE GAS Y PETRÓLEO
7114,71,7114-SERVICIOS DE RESTAURACIÓN Y RECUPERACIÓN DE GAS Y PETRÓLEO
7115,71,7115-SERVICIOS DE PROCESAMIENTO Y GESTIÓN DE DATOS DE PETRÓLEO Y GAS
7116,71,7116-SERVICIOS DE GERENCIA DE PROYECTOS EN POZOS DE PETRÓLEO Y GAS
7210,72,7210-SERVICIOS DE MANTENIMIENTO Y REPARACIONES DE CONSTRUCCIONES E INSTALACIONES
7211,72,7211-SERVICIOS DE CONSTRUCCIÓN DE EDIFICACIONES RESIDENCIALES
7212,72,7212-SERVICIOS DE CONSTRUCCIÓN DE EDIFICACIONES NO RESIDENCIALES
7214,72,7214-SERVICIOS DE CONSTRUCCIÓN PESADA
7215,72,7215-SERVICIOS DE MANTENIMIENTO Y CONSTRUCCIÓN DE COMERCIO ESPECIALIZADO
7310,73,7310-INDUSTRIAS DE PLÁSTICOS Y PRODUCTOS QUÍMICOS
7311,73,7311-INDUSTRIAS DE LA MADERA Y EL PAPEL
7312,73,7312-INDUSTRIAS DEL METAL Y DE MINERALES
7313,73,7313-INDUSTRIAS DE ALIMENTOS Y BEBIDAS
7314,73,"7314-INDUSTRIAS DE FIBRAS, TEXTILES Y DE TEJIDOS"
7315,73,7315-SERVICIOS DE APOYO A LA FABRICACIÓN
7316,73,7316-FABRICACIÓN DE MAQUINARIA Y EQUIPO DE TRANSPORTE
7317,73,7317-FABRICACIÓN DE PRODUCTOS ELÉCTRICOS E INSTRUMENTOS DE PRECISIÓN
7318,73,7318-SERVICIOS DE MAQUINADO Y PROCESADO
7610,76,7610-SERVICIOS DE DESCONTAMINACIÓN
7611,76,7611-SERVICIOS DE ASEO Y LIMPIEZA
7612,76,7612-ELIMINACIÓN Y TRATAMIENTO DE DESECHOS
7613,76,7613-LIMPIEZA DE RESIDUOS TÓXICOS Y PELIGROSOS
7710,77,7710-GESTIÓN MEDIOAMBIENTAL
7711,77,7711-PROTECCIÓN MEDIOAMBIENTAL
7712,77,"7712-SEGUIMIENTO, CONTROL Y REHABILITACIÓN DE LA CONTAMINACIÓN"
7713,77,"7713-SERVICIOS DE SEGUIMIENTO, CONTROL O REHABILITACIÓN DE CONTAMINANTES"
7810,78,7810-TRANSPORTE DE CORREO Y CARGA
7811,78,7811-TRANSPORTE DE PASAJEROS
7812,78,7812-MANEJO Y EMBALAJE DE MATERIAL
7813,78,7813-ALMACENAJE
7814,78,7814-SERVICIOS DE TRANSPORTE
7818,78,7818-SERVICIOS DE MANTENIMIENTO O REPARACIONES DE TRANSPORTES
8010,80,8010-SERVICIOS DE ASESORÍA DE GESTIÓN
8011,80,8011-SERVICIOS DE RECURSOS HUMANOS
8012,80,8012-SERVICIOS LEGALES
8013,80,8013-SERVICIOS INMOBILIARIOS
8014,80,8014-COMERCIALIZACIÓN Y DISTRIBUCIÓN
8015,80,8015-POLÍTICA COMERCIAL Y SERVICIOS
8016,80,8016-SERVICIOS DE ADMINISTRACIÓN DE EMPRESAS
8110,81,8110-SERVICIOS PROFESIONALES DE INGENIERÍA
8111,81,8111-SERVICIOS INFORMÁTICOS
8112,81,8112-ECONOMÍA
8113,81,8113-ESTADÍSTICA
8114,81,8114-TECNOLOGÍAS DE FABRICACIÓN
8115,81,8115-SERVICIOS DE PEDOLOGÍA
8116,81,8116-ENTREGA DE SERVICIOS DE TECNOLOGÍA DE INFORMACIÓN
8210,82,8210-PUBLICIDAD
8211,82,8211-ESCRITURA Y TRADUCCIONES
8212,82,8212-SERVICIOS DE REPRODUCCIÓN
8213,82,8213-SERVICIOS FOTOGRÁFICOS
8214,82,8214-DISEÑO GRÁFICO
8215,82,8215-ARTISTAS E INTÉRPRETES PROFESIONALES
8310,83,8310-SERVICIOS PÚBLICOS
8311,83,8311-SERVICIOS DE MEDIOS DE TELECOMUNICACIONES
8312,83,8312-SERVICIOS DE INFORMACIÓN
8410,84,8410-FINANZAS DE DESARROLLO
8411,84,8411-SERVICIOS DE CONTABILIDAD Y AUDITORIAS
8412,84,8412-BANCA E INVERSIONES
8413,84,8413-SERVICIOS DE SEGUROS Y PENSIONES
8414,84,8414-AGENCIAS DE CRÉDITO
8510,85,8510-SERVICIOS INTEGRALES DE SALUD
8511,85,8511-PREVENCIÓN Y CONTROL DE ENFERMEDADES
8512,85,8512-PRÁCTICA MÉDICA
8513,85,"8513-CIENCIA MÉDICA, INVESTIGACIÓN Y EXPERIMENTACIÓN"
8514,85,8514-MEDICINA ALTERNATIVA Y HOLÍSTICA
8515,85,8515-SERVICIOS ALIMENTICIOS Y DE NUTRICIÓN
8516,85,"8516-SERVICIOS DE MANTENIMIENTO, RENOVACIÓN Y REPARACIÓN DE EQUIPO MÉDICO QUIRÚRGICO"
8517,85,8517-SERVICIOS DE MUERTE Y SOPORTE AL FALLECIMIENTO
8610,86,8610-FORMACIÓN PROFESIONAL
8611,86,8611-SISTEMAS EDUCATIVOS ALTERNATIVOS
8612,86,8612-INSTITUCIONES EDUCATIVAS
8613,86,8613-SERVICIOS EDUCATIVOS ESPECIALIZADOS
8614,86,8614-INSTALACIONES EDUCATIVAS
9010,90,9010-RESTAURANTES Y CATERING (SERVICIOS DE COMIDAS Y BEBIDAS)
9011,90,"9011-INSTALACIONES HOTELERAS, ALOJAMIENTOS Y CENTROS DE ENCUENTROS"
9012,90,9012-FACILITACIÓN DE VIAJES
9013,90,9013-ARTES INTERPRETATIVAS
9014,90,9014-DEPORTES COMERCIALES
9015,90,9015-SERVICIOS DE ENTRETENIMIENTO
9110,91,9110-ASPECTO PERSONAL
9111,91,9111-ASISTENCIA DOMÉSTICA Y PERSONAL
9210,92,9210-ORDEN PÚBLICO Y SEGURIDAD
9211,92,9211-SERVICIOS MILITARES O DEFENSA NACIONAL
9212,92,9212-SEGURIDAD Y PROTECCIÓN PERSONAL
9310,93,9310-SISTEMAS E INSTITUCIONES POLÍTICAS
9311,93,9311-CONDICIONES SOCIOPOLÍTICAS
9312,93,9312-RELACIONES INTERNACIONALES
9313,93,9313-AYUDA Y ASISTENCIA HUMANITARIA
9314,93,9314-SERVICIOS COMUNITARIOS Y SOCIALES
9315,93,9315-SERVICIOS DE ADMINISTRACIÓN Y FINANCIACIÓN PÚBLICA
9316,93,9316-TRIBUTACIÓN
9317,93,9317-POLÍTICA Y REGULACIÓN COMERCIAL
9410,94,9410-ORGANIZACIONES LABORALES
9411,94,9411-ORGANIZACIONES RELIGIOSAS
9412,94,9412-CLUBES
9413,94,"9413-ORGANIZACIONES, ASOCIACIONES Y MOVIMIENTOS CÍVICOS"
9510,95,9510-PARCELAS DE TIERRA
9511,95,9511-VÍAS
9512,95,9512-ESTRUCTURAS Y EDIFICIOS PERMANENTES
9513,95,9513-ESTRUCTURAS Y EDIFICIOS MÓVILES
9514,95,9514-ESTRUCTURAS Y EDIFICIOS PREFABRICADOS
